<?xml version="1.0" encoding="UTF-8"?>
<!--UGC_VERSION = 1024-->
<XML_DOCUMENT xmlns:SOAP-ENC="http://schemas.xmlsoap.org/soap/encoding/">
    <PTC_HEADER>
        <VENDOR>Parametric Technology Corporation</VENDOR>
        <PRODUCT>Creo Parametric 3702019224</PRODUCT>
        <XML_VERSION>1.0</XML_VERSION>
        <HOST_NAME>KELVIN</HOST_NAME>
        <USER>kelvi_000</USER>
        <MACHINE_TYPE> AMD64 Family 21 Model 2 Stepping 0  AuthenticAMD  4018 MHz</MACHINE_TYPE>
    </PTC_HEADER>
    <zip_manifest_info pointer="TRUE" proe_version="1934" top_model_wname="NOCTUA_NF-A12_FAN.ASM"/>
</XML_DOCUMENT>
